"DESCRIPCIÓN DE VARIABLE","NOMBRE VARIABLE","CÓDIGOS","DESCRIPCIÓN Y OBSERVACIONES"
"NÚMERO","NUMERO","","Número de identificación del hogar"
"NÚMERO DE PERSONA","NPER","",""
"HOGAR","HOGAR","Caso duplicado = 0",""
"HOGAR","HOGAR","Caso primario = 1","Identificador de caso primario del hogar"
"AÑO DE LA ENCUESTA","ANIO","",""
"MES DE LA ENCUESTA","MES","",""
"DEPARTAMENTO","DPTO","","Código de departamento del 1 al 19 comenzando por Montevideo y continuando alfabéticamente"
"NOMBRE DEL DEPARTAMENTO","NOMDPTO","",""
"SECCIÓN CENSAL","SECC","",""
"SEGMENTO CENSAL","SEGM","",""
"LOCALIDAD AGRUPADA","LOC_AGR_13","","Código de las localidades agrupadas donde se releva la ECH según marco censal 2011"
"NOMBRE DE LA LOCALIDAD AGRUPADA","NOM_LOC_AGR_13","","Nombre de las localidades agrupadas donde se releva la ECH según marci censal 2011"
"CENTRO COMUNAL ZONAL","CCZ","","Para el departamento de Montevideo"
"BARRIO","BARRIO","","Para el departamento de Montevideo (urbano)"
"NOMBRE DEL BARRIO","NOMBARRIO","","Para el departamento de Montevideo (urbano)"
"ESTRATO","ESTRED13","1","Montevideo - Nivel económico bajo"
"ESTRATO","ESTRED13","2","Montevideo - Nivel económico medio - bajo"
"ESTRATO","ESTRED13","3","Montevideo - Nivel económico medio"
"ESTRATO","ESTRED13","4","Montevideo - Nivel económico medio - alto"
"ESTRATO","ESTRED13","5","Montevideo - Nivel económico alto"
"ESTRATO","ESTRED13","6","Zona metropolitana"
"ESTRATO","ESTRED13","7","Interior Norte (Artigas, Rivera, Cerro Largo, Treinta y Tres)"
"ESTRATO","ESTRED13","8","Costa Este (Canelones, Maldonado, Rocha)"
"ESTRATO","ESTRED13","9","Litoral Norte (Salto, Paysandú, Río Negro)"
"ESTRATO","ESTRED13","10","Litoral Sur (Soriano, Colonia, San José)"
"ESTRATO","ESTRED13","11","Centro Norte (Tacuarembó, Durazno)"
"ESTRATO","ESTRED13","12","Centro Sur (Flores, Florida, Lavalleja)"
"REGION_3","REGION_3","1","Montevideo"
"REGION_3","REGION_3","2","Interior, localidades de 5000 habitantes o más"
"REGION_3","REGION_3","3","Interior, localidades de menos de 5000 habitantes y zona rural"
"REGION_4","REGION_4","1","Montevideo"
"REGION_4","REGION_4","2","Interior, localidades de 5000 habitantes o más"
"REGION_4","REGION_4","3","Interior, localidades de menos de 5000 habitantes"
"REGION_4","REGION_4","4","Zona rural"
"PONDERADOR DEL MES","PESOMEN","",""
"E. DATOS DE LA PERSONA","","",""
"E.1 CARACTERÍSTICAS GENERALES","","",""
"NUEVO MIEMBRO DEL HOGAR ","E0_CV","1 = Sí / 2 = No / 99= Sin dato",""
"NUEVO MIEMBRO DEL HOGAR DEPENDE DEL MISMO FONDO DE ALIMENTACIÓN","E01_CV","1 = Sí / 2 = No / 99= Sin dato",""
"PERSONA CONTINUA RESIDIENDO EN EL HOGAR","E1_CV","1 = Sí / 2 = No / 99= Sin dato",""
"IDENTIFICACIÓN DEL INFORMANTE","e557","1","Sí, es la misma persona"
"IDENTIFICACIÓN DEL INFORMANTE","e557","2","No, responde un miembro de este hogar"
"IDENTIFICACIÓN DEL INFORMANTE","e557","3","No, responde un miembro calificado de otro hogar"
"IDENTIFICACIÓN DEL INFORMANTE","e557","99","Sin dato"
"IDENTIFICACIÓN DEL INFORMANTE","e558","N°","Número de persona"
"SEXO","e26","1","Hombre"
"SEXO","e26","2","Mujer"
"SEXO","e26","99","Sin dato"
"EDAD","e27","Años","Años cumplidos"
"IDENTIDAD DE GÉNERO","e563","1","Mujer"
"IDENTIDAD DE GÉNERO","e563","2","Mujer trans"
"IDENTIDAD DE GÉNERO","e563","3","Varón"
"IDENTIDAD DE GÉNERO","e563","4","Varón trans"
"IDENTIDAD DE GÉNERO","e563","5","Otros"
"IDENTIDAD DE GÉNERO","e563","6","No sabe/ No contesta"
"ASCENDENCIA","e29_1","1 = Sí / 2 = No / 99= Sin dato","Afro o negra"
"ASCENDENCIA","e29_2","1 = Sí / 2 = No / 99= Sin dato","Asiática o amarilla"
"ASCENDENCIA","e29_3","1 = Sí / 2 = No / 99= Sin dato","Blanca"
"ASCENDENCIA","e29_4","1 = Sí / 2 = No / 99= Sin dato","Indígena"
"ASCENDENCIA","e29_5","1 = Sí / 2 = No / 99= Sin dato","Otra"
"CUÁL CONSIDERA LA PRINCIPAL","e29_6","1","Afro o negra"
"CUÁL CONSIDERA LA PRINCIPAL","e29_6","2","Asiática o amarilla"
"CUÁL CONSIDERA LA PRINCIPAL","e29_6","3","Blanca"
"CUÁL CONSIDERA LA PRINCIPAL","e29_6","4","Indígena"
"CUÁL CONSIDERA LA PRINCIPAL","e29_6","5","Otra"
"CUÁL CONSIDERA LA PRINCIPAL","e29_6","99","Sin dato"
"RELACIÓN DE PARENTESCO","e30","1","Jefe/a"
"RELACIÓN DE PARENTESCO","e30","2","Esposo/a o compañero/a"
"RELACIÓN DE PARENTESCO","e30","3","Hijo/a de ambos"
"RELACIÓN DE PARENTESCO","e30","4","Hijo/a sólo del jefe"
"RELACIÓN DE PARENTESCO","e30","5","Hijo/a sólo del esposo/a compañero/a"
"RELACIÓN DE PARENTESCO","e30","6","Yerno/nuera"
"RELACIÓN DE PARENTESCO","e30","7","Padre/madre"
"RELACIÓN DE PARENTESCO","e30","8","Suegro/a"
"RELACIÓN DE PARENTESCO","e30","9","Hermano/a"
"RELACIÓN DE PARENTESCO","e30","10","Cuñado/a"
"RELACIÓN DE PARENTESCO","e30","11","Nieto/a"
"RELACIÓN DE PARENTESCO","e30","12","Otro pariente"
"RELACIÓN DE PARENTESCO","e30","13","Otro no pariente"
"RELACIÓN DE PARENTESCO","e30","14","Servicio doméstico o familiar del mismo"
"RELACIÓN DE PARENTESCO","e30","99","Sin dato"
"E.2 SALUD","","",""
"INSTITUCIÓN EN DONDE CUENTA CON DERECHOS PARA ATENDER SU SALUD","e45_CV","1","ASSE"
"INSTITUCIÓN EN DONDE CUENTA CON DERECHOS PARA ATENDER SU SALUD","e45_CV","2","Mutualista (IAMC)"
"INSTITUCIÓN EN DONDE CUENTA CON DERECHOS PARA ATENDER SU SALUD","e45_CV","3","Seguro Médico Privado "
"INSTITUCIÓN EN DONDE CUENTA CON DERECHOS PARA ATENDER SU SALUD","e45_CV","4","Hospital Policial / Militar"
"INSTITUCIÓN EN DONDE CUENTA CON DERECHOS PARA ATENDER SU SALUD","e45_CV","5","Área de salud del BPS"
"INSTITUCIÓN EN DONDE CUENTA CON DERECHOS PARA ATENDER SU SALUD","e45_CV","6","Policlínica municipal"
"INSTITUCIÓN EN DONDE CUENTA CON DERECHOS PARA ATENDER SU SALUD","e45_CV","7","No cuenta con derechos en ninguna institución"
"INSTITUCIÓN EN DONDE CUENTA CON DERECHOS PARA ATENDER SU SALUD","e45_CV","99","Sin dato"
"MECANISMO ACCESO ASSE","e45_1_1_CV","1","A través de Fonasa, miembro de este hogar"
"MECANISMO ACCESO ASSE","e45_1_1_CV","4","A través de Fonasa, miembro de otro hogar"
"MECANISMO ACCESO ASSE","e45_1_1_CV","2","Por bajos recursos"
"MECANISMO ACCESO ASSE","e45_1_1_CV","3","Pagando arancel"
"MECANISMO ACCESO ASSE","e45_1_1_CV","5","A través de un miembro de este hogar"
"MECANISMO ACCESO ASSE","e45_1_1_CV","6","A través de otro que no es miembro del hogar"
"MECANISMO ACCESO ASSE","e45_1_1_CV","99","Sin dato"
"MECANISMO ACCESO ASSE","e45_1_1_1_CV","Nº","Número de persona miembro del hogar"
"MECANISMO ACCESO IAMC","e45_2_1_CV","1","A través de Fonasa, miembro de este hogar"
"MECANISMO ACCESO IAMC","e45_2_1_CV","6","A través de Fonasa, miembro de otro hogar"
"MECANISMO ACCESO IAMC","e45_2_1_CV","2","Paga un miembro de este hogar"
"MECANISMO ACCESO IAMC","e45_2_1_CV","5","Paga el empleador de un miembro del hogar"
"MECANISMO ACCESO IAMC","e45_2_1_CV","3","A través de otro que no es miembro del hogar (sin ser Fonasa, incluye exempleador)"
"MECANISMO ACCESO IAMC","e45_2_1_CV","99","Sin dato"
"MECANISMO ACCESO IAMC","e45_2_1_1_CV","Nº","Número de persona miembro del hogar"
"MECANISMO ACCESO A SEGURO PRIVADO MÉDICO","e45_3_1_CV","1","A través de Fonasa, miembro de este hogar pagando complemento"
"MECANISMO ACCESO A SEGURO PRIVADO MÉDICO","e45_3_1_CV","6","A través de Fonasa, miembro de otro hogar pagando complemento"
"MECANISMO ACCESO A SEGURO PRIVADO MÉDICO","e45_3_1_CV","2","Paga un miembro de este hogar"
"MECANISMO ACCESO A SEGURO PRIVADO MÉDICO","e45_3_1_CV","5","Paga el empleador de un miembro del hogar"
"MECANISMO ACCESO A SEGURO PRIVADO MÉDICO","e45_3_1_CV","3","A través de otro que no es miembro del hogar (sin ser Fonasa, incluye exempleador)"
"MECANISMO ACCESO A SEGURO PRIVADO MÉDICO","e45_3_1_CV","99","Sin dato"
"MECANISMO ACCESO A SEGURO PRIVADO MÉDICO","e45_3_1_1_CV","Nº","Número de persona miembro del hogar"
"MECANISMO ACCESO A HOSPITAL POLICIAL/MILITAR","e45_4_1_CV","1","A través de un miembro de este hogar"
"MECANISMO ACCESO A HOSPITAL POLICIAL/MILITAR","e45_4_1_CV","2","A través de un miembro de otro hogar"
"MECANISMO ACCESO A HOSPITAL POLICIAL/MILITAR","e45_4_1_CV","99","Sin dato"
"MECANISMO ACCESO A HOSPITAL POLICIAL/MILITAR","e45_4_1_1_CV","Nº","Número de persona miembro del hogar"
"Para todas las personas","","",""
"AFILIACIÓN A EMERGENCIA MÓVIL","e46_CV","1 = SÍ / 2 = No",""
"QUIÉN PAGA LA CUOTA DE LA EMERGENCIA MÓVIL","e47_CV","1","Está incluida en la cuota mutual"
"QUIÉN PAGA LA CUOTA DE LA EMERGENCIA MÓVIL","e47_CV","2","Paga un miembro de este hogar"
"QUIÉN PAGA LA CUOTA DE LA EMERGENCIA MÓVIL","e47_CV","3","Paga un miembro de otro hogar"
"QUIÉN PAGA LA CUOTA DE LA EMERGENCIA MÓVIL","e47_CV","4","Paga el empleador de un miembro del hogar"
"QUIÉN PAGA LA CUOTA DE LA EMERGENCIA MÓVIL","e47_1_CV","N°","Número de persona miembro del hogar"
"E.3 EDUCACIÓN","","",""
"Para personas de 3 años y más","","",""
"ASISTENCIA A UN ESTABLECIMIENTO DE ENSEÑANZA","e49_CV","1 = Sí / 2 = No / 99= Sin dato",""
"TIPO DE CENTRO EDUCATIVO","e50_CV","1","Público"
"TIPO DE CENTRO EDUCATIVO","e50_CV","2","Privado"
"Solo para quienes asisten a educación pública o CAIF","","",""
"RECIBE ALIMENTACIÓN EN EL CENTRO EDUCATIVO","e196_CV","1 = Sí / 2 = No / 99= Sin dato",""
"CANTIDAD DE COMIDAS SEMANALES","e196_1_CV","N°","Desayunos y/o meriendas"
"CANTIDAD DE COMIDAS SEMANALES","e196_2_CV","N°","Almuerzos / cenas"
"CANTIDAD DE COMIDAS SEMANALES","e196_3_CV","N°","Meriendas"
"Solo para quienes asisten a educación pública","","",""
"BECAS","e562_CV","1","Sí, beca MEC"
"BECAS","e562_CV","2","Sí, Compromiso Educativo"
"BECAS","e562_CV","3","No recibe"
"BECAS","e562_CV","99","Sin dato"
"E.3 EDUCACIÓN MARCO PRESENCIAL","","",""
"SABE LEER Y ESCRIBIR","e48","1 = Sí / 2 = No / 99= Sin dato",""
"ASISTENCIA ALGUNA VEZ A UN ESTABLECIMIENTO DE ENSEÑANZA","e49","1 = Sí / 2 = No / 99= Sin dato",""
"Para menores de 0 a 2 años","","",""
"EDUCACIÓN INICIAL","","",""
"ASISTENCIA A EDUCACIÓN INICIAL","e238","1 = Sí / 2 = No / 99= Sin dato",""
"TIPO DE CENTRO EDUCATIVO","e239","1","Público"
"TIPO DE CENTRO EDUCATIVO","e239","2","Privado"
"TIPO DE CENTRO EDUCATIVO","e239","3","CAIF/CAPI/Nuestros niños"
"TIPO DE CENTRO EDUCATIVO","e239","99","Sin dato"
"CANTIDAD DE DÍAS QUE ASISTE A LA SEMANA","e240_1","N°",""
"CANTIDAD DE HORAS AL DÍA","e240_2","N°",""
"FALTÓ ALGÚN DÍA","e241","1 = Sí / 2 = No / 99= Sin dato",""
"RAZONES POR LAS QUE NO ASISTIÓ","e242","1","Por vacaciones"
"RAZONES POR LAS QUE NO ASISTIÓ","e242","2","Porque faltó el/la maestro/a"
"RAZONES POR LAS QUE NO ASISTIÓ","e242","3","Por mal tiempo"
"RAZONES POR LAS QUE NO ASISTIÓ","e242","4","Por enfermedad"
"RAZONES POR LAS QUE NO ASISTIÓ","e242","6","Por indisposicion de tercero o responsable"
"RAZONES POR LAS QUE NO ASISTIÓ","e242","5","Otro"
"RAZONES POR LAS QUE NO ASISTIÓ","e242","99","Sin dato"
"RAZONES POR LAS QUE NO ASISTIÓ","e242_1","","Descripción"
"Para personas de 3 años o más","","",""
"EDUCACIÓN PREESCOLAR","","",""
"ASISTENCIA A EDUCACIÓN PREESCOLAR","e193","1","Asiste actualmente"
"ASISTENCIA A EDUCACIÓN PREESCOLAR","e193","2","Sí, asistió"
"ASISTENCIA A EDUCACIÓN PREESCOLAR","e193","3","No asistió"
"ASISTENCIA A EDUCACIÓN PREESCOLAR","e193","99","Sin dato"
"TIPO DE CENTRO EDUCATIVO","e194","1","Público"
"TIPO DE CENTRO EDUCATIVO","e194","2","Privado"
"TIPO DE CENTRO EDUCATIVO","e194","3","CAIF/CAPI/Nuestros niños"
"TIPO DE CENTRO EDUCATIVO","e194","99","Sin dato"
"Solo para los que asisten actualmente","","",""
"CANTIDAD DE DÍAS QUE ASISTE A LA SEMANA","e243_1","N°",""
"CANTIDAD DE HORAS AL DÍA","e243_2","N°",""
"FALTÓ ALGÚN DÍA","e244","1 = Sí / 2 = No / 99= Sin dato",""
"RAZONES POR LAS QUE NO ASISTIÓ","e245","1","Por vacaciones"
"RAZONES POR LAS QUE NO ASISTIÓ","e245","2","Porque faltó el/la maestro/a"
"RAZONES POR LAS QUE NO ASISTIÓ","e245","3","Por mal tiempo"
"RAZONES POR LAS QUE NO ASISTIÓ","e245","4","Por enfermedad"
"RAZONES POR LAS QUE NO ASISTIÓ","e245","6","Por indisposición de tercero o responsable"
"RAZONES POR LAS QUE NO ASISTIÓ","e245","5","Otro"
"RAZONES POR LAS QUE NO ASISTIÓ","e245_1","","Descripción"
"Solo para quienes asisten a educación pública o CAIF","","",""
"RECIBE ALIMENTACIÓN EN EL CENTRO EDUCATIVO","e196","1 = Sí / 2 = No / 99= Sin dato",""
"CANTIDAD DE COMIDAS SEMANALES","e196_1","N°","Desayunos y/o meriendas"
"CANTIDAD DE COMIDAS SEMANALES","e196_1","99","Sin dato"
"CANTIDAD DE COMIDAS SEMANALES","e196_2","N°","Almuerzos / cenas"
"CANTIDAD DE COMIDAS SEMANALES","e196_2","99","Sin dato"
"CANTIDAD DE COMIDAS SEMANALES","e196_3","N°","Meriendas"
"CANTIDAD DE COMIDAS SEMANALES","e196_3","99","Sin dato"
"EDUCACIÓN PRIMARIA","","",""
"ASISTENCIA A EDUCACIÓN PRIMARIA","e197","1","Asiste actualmente"
"ASISTENCIA A EDUCACIÓN PRIMARIA","e197","2","Sí, asistió"
"ASISTENCIA A EDUCACIÓN PRIMARIA","e197","3","No asistió"
"ASISTENCIA A EDUCACIÓN PRIMARIA","e197","99","Sin dato"
"FINALIZÓ EL NIVEL","e197_1","1 = Sí / 2 = No / 99= Sin dato",""
"AÑOS APROBADOS EN PRIMARIA COMÚN","e51_2","N°",""
"AÑOS APROBADOS EN PRIMARIA COMÚN","e51_2","99","Sin dato"
"AÑOS APROBADOS EN PRIMARIA ESPECIAL","e51_3","N°",""
"AÑOS APROBADOS EN PRIMARIA ESPECIAL","e51_3","99","Sin dato"
"TIPO DE CENTRO EDUCATIVO","e198","1","Público"
"TIPO DE CENTRO EDUCATIVO","e198","2","Privado"
"TIPO DE CENTRO EDUCATIVO","e198","99","Sin dato"
"Solo para quienes asisten a educación pública","","",""
"TIPO DE CENTRO EDUCATIVO","e199","1","Común "
"TIPO DE CENTRO EDUCATIVO","e199","2","Tiempo completo"
"TIPO DE CENTRO EDUCATIVO","e199","99","Sin dato"
"RECIBE ALIMENTACIÓN EN EL CENTRO EDUCATIVO","e200","1 = Sí / 2 = No / 99= Sin dato",""
"CANTIDAD DE COMIDAS SEMANALES","e200_1","N°","Desayunos"
"CANTIDAD DE COMIDAS SEMANALES","e200_1","99","Sin dato"
"CANTIDAD DE COMIDAS SEMANALES","e200_2","N°","Almuerzos / cenas"
"CANTIDAD DE COMIDAS SEMANALES","e200_2","99","Sin dato"
"CANTIDAD DE COMIDAS SEMANALES","e200_3","N°","Meriendas"
"CANTIDAD DE COMIDAS SEMANALES","e200_3","99","Sin dato"
"EDUCACIÓN MEDIA","","",""
"ASISTENCIA A EDUCACIÓN MEDIA","e201","1","Asiste actualmente"
"ASISTENCIA A EDUCACIÓN MEDIA","e201","2","Sí, asistió"
"ASISTENCIA A EDUCACIÓN MEDIA","e201","3","No asistió"
"ASISTENCIA A EDUCACIÓN MEDIA","e201","99","Sin dato"
"FINALIZÓ EL NIVEL","e201_1","1 = Sí / 2 = No / 99= Sin dato",""
"Para personas entre 12 y 29 años que asistieron y no finalizaron el nivel","","",""
"RAZONES POR LAS CUALES NO FINALIZÓ LA EDUCACIÓN MEDIA","e202_1","1 = Sí / 2 = No / 99= Sin dato","Comenzó a trabajar"
"RAZONES POR LAS CUALES NO FINALIZÓ LA EDUCACIÓN MEDIA","e202_9","1 = Sí / 2 = No / 99= Sin dato","No tenía interés"
"RAZONES POR LAS CUALES NO FINALIZÓ LA EDUCACIÓN MEDIA","e202_10","1 = Sí / 2 = No / 99= Sin dato","Le interesaba aprender otras cosas"
"RAZONES POR LAS CUALES NO FINALIZÓ LA EDUCACIÓN MEDIA","e202_3","1 = Sí / 2 = No / 99= Sin dato","Quedó usted o su pareja embarazada"
"RAZONES POR LAS CUALES NO FINALIZÓ LA EDUCACIÓN MEDIA","e202_4","1 = Sí / 2 = No / 99= Sin dato","Le resultaban difíciles la/s materia/s"
"RAZONES POR LAS CUALES NO FINALIZÓ LA EDUCACIÓN MEDIA","e202_8","1 = Sí / 2 = No / 99= Sin dato","Por dificultades económicas (compra de mat. de estudio, etc.)"
"RAZONES POR LAS CUALES NO FINALIZÓ LA EDUCACIÓN MEDIA","e202_5","1 = Sí / 2 = No / 99= Sin dato","Porque tuvo que atender asuntos familiares"
"RAZONES POR LAS CUALES NO FINALIZÓ LA EDUCACIÓN MEDIA","e202_6","1 = Sí / 2 = No / 99= Sin dato","Otras razones"
"RAZONES POR LAS CUALES NO FINALIZÓ LA EDUCACIÓN MEDIA","e202_6_1","","Descripción"
"PRINCIPAL RAZÓN POR LA CUAL NO FINALIZÓ LA EDUCACIÓN MEDIA","e202_7","1","Comenzó a trabajar"
"PRINCIPAL RAZÓN POR LA CUAL NO FINALIZÓ LA EDUCACIÓN MEDIA","e202_7","9","No tenía interés "
"PRINCIPAL RAZÓN POR LA CUAL NO FINALIZÓ LA EDUCACIÓN MEDIA","e202_7","10","Le interesaba aprender otras cosas"
"PRINCIPAL RAZÓN POR LA CUAL NO FINALIZÓ LA EDUCACIÓN MEDIA","e202_7","3","Quedó usted o su pareja embarazada"
"PRINCIPAL RAZÓN POR LA CUAL NO FINALIZÓ LA EDUCACIÓN MEDIA","e202_7","4","Le resultaban difíciles la/s materia/s"
"PRINCIPAL RAZÓN POR LA CUAL NO FINALIZÓ LA EDUCACIÓN MEDIA","e202_7","8","Por dificultades económicas (compra de mat. de estudio, etc.)"
"PRINCIPAL RAZÓN POR LA CUAL NO FINALIZÓ LA EDUCACIÓN MEDIA","e202_7","5","Porque tuvo que atender asuntos familiares"
"PRINCIPAL RAZÓN POR LA CUAL NO FINALIZÓ LA EDUCACIÓN MEDIA","e202_7","6","Otras razones"
"PRINCIPAL RAZÓN POR LA CUAL NO FINALIZÓ LA EDUCACIÓN MEDIA","e202_7","99","Sin dato"
"Para todas las personas","","",""
"AÑOS APROBADOS EN CICLO BÁSICO","e51_4","N°",""
"AÑOS APROBADOS EN CICLO BÁSICO","e51_4","99","Sin dato"
"TIPO DE CENTRO EDUCATIVO","e210_1","1","Público"
"TIPO DE CENTRO EDUCATIVO","e210_1","2","Privado"
"TIPO DE CENTRO EDUCATIVO","e210_1","99","Sin dato"
"AÑOS APROBADOS EN BACHILLERATO","e51_5","N°",""
"TIPO DE CENTRO EDUCATIVO","e210_2","1","Público"
"TIPO DE CENTRO EDUCATIVO","e210_2","2","Privado"
"TIPO DE CENTRO EDUCATIVO","e210_2","99","Sin dato"
"AÑOS APROBADOS EN BACHILLERATO TECNOLÓGICO","e51_6","N°",""
"AÑOS APROBADOS EN BACHILLERATO TECNOLÓGICO","e51_6","99","Sin dato"
"Solo para los que cursan o cursaron Bachillerato tecnológico","","",""
"CURSO O CARRERA QUE ESTUDIA / ESTUDIÓ","e209_1","Código","Código del curso o carrera"
"TIPO DE CENTRO EDUCATIVO","e210_3","1","Público"
"TIPO DE CENTRO EDUCATIVO","e210_3","2","Privado"
"TIPO DE CENTRO EDUCATIVO","e210_3","99","Sin dato"
"RECIBE ALIMENTACIÓN EN EL CENTRO EDUCATIVO","e211","1 = Sí / 2 = No / 99= Sin dato",""
"CANTIDAD DE COMIDAS SEMANALES","e211_1","N°","Desayunos"
"CANTIDAD DE COMIDAS SEMANALES","e211_1","99","Sin dato"
"CANTIDAD DE COMIDAS SEMANALES","e211_2","N°","Almuerzos / cenas"
"CANTIDAD DE COMIDAS SEMANALES","e211_2","99","Sin dato"
"CANTIDAD DE COMIDAS SEMANALES","e211_3","N°","Meriendas"
"CANTIDAD DE COMIDAS SEMANALES","e211_3","99","Sin dato"
"BECAS","e562","1","Sí, beca MEC"
"BECAS","e562","2","Sí, Compromiso Educativo"
"BECAS","e562","3","No recibe"
"BECAS","e562","99","Sin dato"
"EDUCACIÓN TÉCNICA","","",""
"ASISTENCIA A EDUCACIÓN TÉCNICA","e212","1","Asiste actualmente"
"ASISTENCIA A EDUCACIÓN TÉCNICA","e212","2","Sí, asistió"
"ASISTENCIA A EDUCACIÓN TÉCNICA","e212","3","No asistió"
"ASISTENCIA A EDUCACIÓN TÉCNICA","e212","99","Sin dato"
"FINALIZÓ EL NIVEL","e212_1","1 = Sí / 2 = No / 99= Sin dato",""
"TIPO DE CENTRO EDUCATIVO","e213","1","Público"
"TIPO DE CENTRO EDUCATIVO","e213","2","Privado"
"TIPO DE CENTRO EDUCATIVO","e213","99","Sin dato"
"AÑOS APROBADOS EN EDUCACIÓN TÉCNICA","e51_7","N°",""
"AÑOS APROBADOS EN EDUCACIÓN TÉCNICA","e51_7","99","Sin dato"
"EXIGENCIA PARA REALIZAR CURSO DE EDUCACIÓN TÉCNICA","e51_7_1","1","Enseñanza secundaria completa"
"EXIGENCIA PARA REALIZAR CURSO DE EDUCACIÓN TÉCNICA","e51_7_1","2","Ciclo Básico, liceo o UTU"
"EXIGENCIA PARA REALIZAR CURSO DE EDUCACIÓN TÉCNICA","e51_7_1","3","Enseñanza primaria completa"
"EXIGENCIA PARA REALIZAR CURSO DE EDUCACIÓN TÉCNICA","e51_7_1","4","Ninguna"
"EXIGENCIA PARA REALIZAR CURSO DE EDUCACIÓN TÉCNICA","e51_7_1","99","Sin dato"
"CURSO O CARRERA QUE ESTUDIA / ESTUDIÓ","e214_1","Código","Código del curso o carrera"
"MAGISTERIO O PROFESORADO","","",""
"ASISTENCIA A MAGISTERIO O PROFESORADO","e215","1","Asiste actualmente"
"ASISTENCIA A MAGISTERIO O PROFESORADO","e215","2","Sí, asistió"
"ASISTENCIA A MAGISTERIO O PROFESORADO","e215","3","No asistió"
"ASISTENCIA A MAGISTERIO O PROFESORADO","e215","99","Sin dato"
"FINALIZÓ EL NIVEL","e215_1","1 = Sí / 2 = No / 99= Sin dato",""
"TIPO DE CENTRO EDUCATIVO","e216","1","Público"
"TIPO DE CENTRO EDUCATIVO","e216","2","Privado"
"TIPO DE CENTRO EDUCATIVO","e216","99","Sin dato"
"AÑOS APROBADOS EN MAGISTERIO O PROFESORADO","e51_8","N°",""
"CURSO O CARRERA QUE ESTUDIA/ESTUDIÓ","e217_1","Código","Código del curso o carrera"
"UNIVERSIDAD O SIMILAR","","",""
"ASISTENCIA A UNIVERSIDAD O SIMILAR","e218","1","Asiste actualmente"
"ASISTENCIA A UNIVERSIDAD O SIMILAR","e218","2","Sí, asistió"
"ASISTENCIA A UNIVERSIDAD O SIMILAR","e218","3","No asistió"
"ASISTENCIA A UNIVERSIDAD O SIMILAR","e218","99","Sin dato"
"FINALIZÓ EL NIVEL","e218_1","1 = Sí / 2 = No / 99= Sin dato",""
"TIPO DE CENTRO EDUCATIVO","e219","1","Público"
"TIPO DE CENTRO EDUCATIVO","e219","2","Privado"
"TIPO DE CENTRO EDUCATIVO","e219","99","Sin dato"
"AÑOS APROBADOS EN UNIVERSIDAD O SIMILAR","e51_9","N°",""
"CURSO O CARRERA QUE ESTUDIA/ESTUDIÓ","e220_1","Código","Código del curso o carrera"
"TERCIARIO NO UNIVERSITARIO","","",""
"ASISTENCIA A TERCIARIO NO UNIVERSITARIO","e221","1","Asiste actualmente"
"ASISTENCIA A TERCIARIO NO UNIVERSITARIO","e221","2","Sí, asistió"
"ASISTENCIA A TERCIARIO NO UNIVERSITARIO","e221","3","No asistió"
"FINALIZÓ EL NIVEL","e221_1","1 = Sí / 2 = No / 99= Sin dato",""
"TIPO DE CENTRO EDUCATIVO","e222","1","Público"
"TIPO DE CENTRO EDUCATIVO","e222","2","Privado"
"TIPO DE CENTRO EDUCATIVO","e222","99","Sin dato"
"AÑOS APROBADOS EN TERCIARIO NO UNIVERSITARIO","e51_10","N°",""
"CURSO O CARRERA QUE ESTUDIA/ESTUDIÓ","e223_1","Código","Código del curso o carrera"
"POSGRADO","","",""
"ASISTENCIA A POSGRADO","e224","1","Asiste actualmente"
"ASISTENCIA A POSGRADO","e224","2","Sí, asistió"
"ASISTENCIA A POSGRADO","e224","3","No asistió"
"ASISTENCIA A POSGRADO","e224","99","Sin dato"
"FINALIZÓ EL NIVEL","e224_1","1 = Sí / 2 = No / 99= Sin dato",""
"TIPO DE CENTRO EDUCATIVO","e225","1","Público"
"TIPO DE CENTRO EDUCATIVO","e225","2","Privado"
"TIPO DE CENTRO EDUCATIVO","e225","99","Sin dato"
"AÑOS APROBADOS EN POSGRADO","e51_11","N°",""
"CURSO O CARRERA QUE ESTUDIA/ESTUDIÓ","e226_1","Código","Código del curso o carrera"
"E.4 POLÍTICAS ALIMENTARIAS","","",""
"CONCURRENCIA A COMEDOR","e559","1 = Sí / 2 = No / 99= Sin dato",""
"CANTIDAD DE COMIDAS RECIBIDAS SEMANALMENTE","e559_1","N°","Desayunos y/o meriendas"
"CANTIDAD DE COMIDAS RECIBIDAS SEMANALMENTE","e559_2","N°","Almuerzos y/o cenas"
"TARJETAS","e560","1 = Sí / 2 = No / 99= Sin dato","Recibe algún tipo de tarjeta"
"TARJETAS","e560_1","1 = Sí / 2 = No / 99= Sin dato","Tus-MIDES"
"TARJETAS","e560_1_1","N°","Cantidad recibida el mes anterior"
"TARJETAS","e560_2","1 = Sí / 2 = No / 99= Sin dato","Tus-INDA"
"TARJETAS","e560_2_1","N°","Cantidad recibida el mes anterior"
"LECHE EN POLVO","e561","1 = Sí / 2 = No / 99= Sin dato","Recibe leche en polvo (TUS-INDA)"
"LECHE EN POLVO","e561_1","N°","Quilos que recibe mensualmente"
"RECIBE ALGÚN TIPO DE CANASTA","e59","1 = Sí / 2 = No / 99= Sin dato",""
"TIPO DE CANASTA","e246","7","Celíaco"
"TIPO DE CANASTA","e246","14","Canasta MIDES (UCC,INDA, emergencia)"
"TIPO DE CANASTA","e246","11","Otra"
"TIPO DE CANASTA","e246","99","Sin dato"
"CANTIDAD DE CANASTAS MENSUALES","e247","N°",""
"F. ACTIVIDAD LABORAL","","",""
"F.1 SITUACIÓN OCUPACIONAL ACTUAL","","",""
"Para personas de 14 años o más","","",""
"TRABAJÓ LA SEMANA PASADA","f269","1 = Sí / 2 = No / 99= Sin dato",""
"COLABORÓ EN NEGOCIO FAMILIAR O TRABAJO CONCRETO LA SEMANA PASADA","f270","1 = Sí / 2 = No / 99= Sin dato",""
"COLABORÓ EN NEGOCIO FAMILIAR O TRABAJO CONCRETO LA SEMANA PASADA","f270","",""
"RECIBIÓ SUELDO","f271","1 = Sí / 2 = No / 99= Sin dato",""
"TRABAJO REALIZADO PARA UN NEGOCIO DEL HOGAR","f272","1 = Sí / 2 = No / 99= Sin dato",""
"NEGOCIO O ACTIVIDAD POR LA QUE PERCIBE UN PAGO","f273","1 = Sí / 2 = No / 99= Sin dato",""
"MOTIVO POR EL CUAL NO TRABAJÓ","f69","1","Por licencia (vacaciones, enfermedad, estudio, cuidados, etc.)"
"MOTIVO POR EL CUAL NO TRABAJÓ","f69","2","Por poco trabajo o mal tiempo"
"MOTIVO POR EL CUAL NO TRABAJÓ","f69","3","Por estar en seguro de paro o seguro de desempleo"
"MOTIVO POR EL CUAL NO TRABAJÓ","f69","5","Por atender hijos/as enfermos/as o cuidar hijos"
"MOTIVO POR EL CUAL NO TRABAJÓ","f69","6","Por atender otras personas dependientes del hogar"
"MOTIVO POR EL CUAL NO TRABAJÓ","f69","7","Por huelga o conflicto laboral"
"MOTIVO POR EL CUAL NO TRABAJÓ","f69","8","Por estar suspendido/a"
"MOTIVO POR EL CUAL NO TRABAJÓ","f69","9","Porque me despidieron"
"MOTIVO POR EL CUAL NO TRABAJÓ","f69","10","Suspendido por el COVID-19"
"MOTIVO POR EL CUAL NO TRABAJÓ","f69","11","Por estar en cuarentena por COVID-19"
"MOTIVO POR EL CUAL NO TRABAJÓ","f69","14","Por estar en seguro de paro especial por COVID-19"
"MOTIVO POR EL CUAL NO TRABAJÓ","f69","99","Sin dato"
"FUE DESPEDIDO DE SU PUESTO DE TRABAJO","f69_1","1","Si"
"FUE DESPEDIDO DE SU PUESTO DE TRABAJO","f69_1","2","No"
"FUE DESPEDIDO DE SU PUESTO DE TRABAJO","f69_1","3","No sabe"
"FUE DESPEDIDO DE SU PUESTO DE TRABAJO","f69_1","99","Sin dato"
"RECIBIÓ SUELDO","f274","1 = Sí / 2 = No / 99= Sin dato",""
"TIEMPO EN EL QUE VOLVERÁ A TRABAJAR","f275","1","Dentro de 4 semanas o menos"
"TIEMPO EN EL QUE VOLVERÁ A TRABAJAR","f275","2","Entre 5 y 12 semanas "
"TIEMPO EN EL QUE VOLVERÁ A TRABAJAR","f275","3","En más de 12 semanas"
"TIEMPO EN EL QUE VOLVERÁ A TRABAJAR","f275","4","No sabe cuándo volverá a trabajar"
"TIEMPO EN EL QUE VOLVERÁ A TRABAJAR","f275","99","Sin dato"
"SI TERMINARÁN RESTRICCIONES DE PANDEMIA, CREE QUE VOLVERA A SU PUESTO DE TRABAJO","f275_1","1 = Sí / 2 = No / 99= Sin dato",""
"REALIZÓ TAREAS AGRÍCOLAS PARA CONSUMO DEL HOGAR","f276","1 = Sí / 2 = No / 99= Sin dato",""
"DE LO QUE PRODUCE PARTE SE DESTINA A LA VENTA","f277","1","Sí, más de la mitad de lo que produce"
"DE LO QUE PRODUCE PARTE SE DESTINA A LA VENTA","f277","2","Sí, menos de la mitad de lo que produce"
"DE LO QUE PRODUCE PARTE SE DESTINA A LA VENTA","f277","3","No, nada"
"DE LO QUE PRODUCE PARTE SE DESTINA A LA VENTA","f277","99","Sin dato"
"TRABAJOS QUE TIENE","f70","Nº","Cantidad de trabajos que tiene"
"F.2 CARACTERÍSTICAS DEL TRABAJO PRINCIPAL","","",""
"TAREAS QUE PROPORCIONAN MAYORES INGRESOS","f71_2","Código de tareas","Clasificador Internacional Uniforme de Ocupacion año 2008 (CIUO_08)"
"TAREAS QUE PROPORCIONAN MAYORES INGRESOS","f71_2","9999","Sin dato"
"ACTIVIDAD DEL ESTABLECIMIENTO DONDE REALIZA LAS TAREAS","f72_2","Código de actividad","Clasificación Industrial Internacional Uniforme (CIIU) Rev. 4"
"ACTIVIDAD DEL ESTABLECIMIENTO DONDE REALIZA LAS TAREAS","f72_2","9999","Sin dato"
"CATEGORÍA DE LA OCUPACIÓN","f73","1","Asalariado/a privado/a"
"CATEGORÍA DE LA OCUPACIÓN","f73","2","Asalariado/a público/a"
"CATEGORÍA DE LA OCUPACIÓN","f73","3","Miembro de cooperativa de producción o trabajo"
"CATEGORÍA DE LA OCUPACIÓN","f73","4","Patrón/a"
"CATEGORÍA DE LA OCUPACIÓN","f73","5","Cuenta propia sin local ni inversión"
"CATEGORÍA DE LA OCUPACIÓN","f73","6","Cuenta propia con local o inversión"
"CATEGORÍA DE LA OCUPACIÓN","f73","7","Miembro del hogar no remunerado"
"CATEGORÍA DE LA OCUPACIÓN","f73","8","Trabajador/a de un programa social de empleo"
"CATEGORÍA DE LA OCUPACIÓN","f73","99","Sin dato"
"SECTOR PÚBLICO","f74","1","Administración Central"
"SECTOR PÚBLICO","f74","3","Entes Autónomos y Servicios Descentralizados"
"SECTOR PÚBLICO","f74","2","Otros Organismos del 220"
"SECTOR PÚBLICO","f74","4","Gobiernos departamentales"
"SECTOR PÚBLICO","f74","5","Otros"
"SECTOR PÚBLICO","f74","99","Sin dato"
"ESTABLECIMIENTO DONDE REALIZA LAS TAREAS PERTENECE A LA EMPRESA QUE LO CONTRATA","f75","1 = Sí / 2 = No / 99= Sin dato",""
"A QUÉ SE DEDICA LA EMPRESA QUE LO CONTRATA","f76_2","Código","Clasificación Industrial Internacional Uniforme (CIIU) Rev. 4"
"A QUÉ SE DEDICA LA EMPRESA QUE LO CONTRATA","f76_2","9999","Sin dato"
"Solo para trabajadores no dependientes","","",""
"NEGOCIO CON CONTABILIDAD COMPLETA ","f262","1 = Sí / 2 = No / 99= Sin dato",""
"NEGOCIO REGISTRADO ANTE LAS OFICINAS DE IMPUESTOS O DE LA SEGURIDAD SOCIAL","f263","1 = Sí / 2 = No / 99= Sin dato",""
"NATURALEZA JURÍDICA DEL NEGOCIO","f264","1","Empresa unipersonal"
"NATURALEZA JURÍDICA DEL NEGOCIO","f264","2","Sociedad de hecho /Sociedad civil"
"NATURALEZA JURÍDICA DEL NEGOCIO","f264","3","Sociedad anónima (S.A.)"
"NATURALEZA JURÍDICA DEL NEGOCIO","f264","4","Sociedad de responsabilidad limitada (S.R.L.) u otras sociedades personales con contrato"
"NATURALEZA JURÍDICA DEL NEGOCIO","f264","5","Cooperativa"
"NATURALEZA JURÍDICA DEL NEGOCIO","f264","6","Otras"
"NATURALEZA JURÍDICA DEL NEGOCIO","f264","7","No tiene"
"NATURALEZA JURÍDICA DEL NEGOCIO","f264","99","Sin dato"
"FORMA DE TRIBUTACIÓN","f264","1","Monotributo"
"FORMA DE TRIBUTACIÓN","f264","2","Monotributo social (MIDES)"
"FORMA DE TRIBUTACIÓN","f265","3","Pequeña empresa (IVA mínimo)"
"FORMA DE TRIBUTACIÓN","f265","4","Servicios personales (IVA, IRPF, y/o IRAE)"
"FORMA DE TRIBUTACIÓN","f265","5","Régimen general (IVA, IRAE, e IP)"
"FORMA DE TRIBUTACIÓN","f265","6","Otra forma de tributación"
"FORMA DE TRIBUTACIÓN","f265","7","No tributa"
"FORMA DE TRIBUTACIÓN","f265","99","Sin dato"
"Para todos los trabajadores","","",""
"TAMAÑO  DE LA EMPRESA ","f77","1","Una persona"
"TAMAÑO  DE LA EMPRESA ","f77","2","2 a 4 personas"
"TAMAÑO  DE LA EMPRESA ","f77","3","5 a 9 personas"
"TAMAÑO  DE LA EMPRESA ","f77","6","10 a 19 personas"
"TAMAÑO  DE LA EMPRESA ","f77","7","20 a 49 personas"
"TAMAÑO  DE LA EMPRESA ","f77","5","50 o más personas"
"TAMAÑO  DE LA EMPRESA ","f77","99","in dato"
"DÓNDE REALIZA SU TRABAJO","f78","1","En un establecimiento fijo"
"DÓNDE REALIZA SU TRABAJO","f78","2","En su vivienda"
"DÓNDE REALIZA SU TRABAJO","f78","3","A domicilio"
"DÓNDE REALIZA SU TRABAJO","f78","4","En la calle, en un puesto o lugar fijo"
"DÓNDE REALIZA SU TRABAJO","f78","5","En la calle, en un puesto móvil"
"DÓNDE REALIZA SU TRABAJO","f78","6","En la calle, desplazándose"
"DÓNDE REALIZA SU TRABAJO","f78","7","En la vía pública"
"DÓNDE REALIZA SU TRABAJO","f78","8","En un predio agropecuario o marítimo"
"DÓNDE REALIZA SU TRABAJO","f78","99","Sin dato"
"TRABAJO EN EL DEPARTAMENTO","f80","1","Sí"
"TRABAJO EN EL DEPARTAMENTO","f80","2","No"
"TRABAJO EN EL DEPARTAMENTO","f80","3","En otro país"
"TRABAJO EN EL DEPARTAMENTO","f80","99","Sin dato"
"TRABAJO EN EL DEPARTAMENTO","f80_2","Nº","Código de departamento asociado a f80 = 2"
"COBRA AGUINALDO","f81","1 = Sí / 2 = No / 99= Sin dato",""
"APORTE A CAJA DE JUBILACIONES","f82","1 = Sí / 2 = No / 99= Sin dato",""
"CAJA A LA CUAL APORTA","f83","1","BPS"
"CAJA A LA CUAL APORTA","f83","2","BPS y AFAP"
"CAJA A LA CUAL APORTA","f83","3","Policial"
"CAJA A LA CUAL APORTA","f83","4","Militar"
"CAJA A LA CUAL APORTA","f83","5","Profesional"
"CAJA A LA CUAL APORTA","f83","6","Notarial"
"CAJA A LA CUAL APORTA","f83","7","Bancaria"
"CAJA A LA CUAL APORTA","f83","8","En el exterior"
"CAJA A LA CUAL APORTA","f83","99","Sin dato"
"Para asalariados/as privados/as, públicos/as, trabajador/a de un programa social de empleo","","",""
"APORTE POR TOTALIDAD DEL SALARIO","f84","1 = Sí / 2 = No / 99= Sin dato",""
"RECONOCIMIENTO DE HORAS EXTRAS MEDIANTE PAGO, COMPENSACIÓN, DÍAS ADICIONALES DE VACACIONES","f266","1","Si"
"RECONOCIMIENTO DE HORAS EXTRAS MEDIANTE PAGO, COMPENSACIÓN, DÍAS ADICIONALES DE VACACIONES","f266","2","No"
"RECONOCIMIENTO DE HORAS EXTRAS MEDIANTE PAGO, COMPENSACIÓN, DÍAS ADICIONALES DE VACACIONES","f266","3","La empresa/la institución no permite realizar horas extras"
"RECONOCIMIENTO DE HORAS EXTRAS MEDIANTE PAGO, COMPENSACIÓN, DÍAS ADICIONALES DE VACACIONES","f266","99","Sin dato"
"RECONOCIMIENTO DE HORAS EXTRAS MEDIANTE PAGO, COMPENSACIÓN, DÍAS ADICIONALES DE VACACIONES","f266_1","1","Mediante pago"
"RECONOCIMIENTO DE HORAS EXTRAS MEDIANTE PAGO, COMPENSACIÓN, DÍAS ADICIONALES DE VACACIONES","f266_1","2","Mediante derecho a compensarlas"
"RECONOCIMIENTO DE HORAS EXTRAS MEDIANTE PAGO, COMPENSACIÓN, DÍAS ADICIONALES DE VACACIONES","f266_1","3","Mediante días adicionales de vacaciones"
"RECONOCIMIENTO DE HORAS EXTRAS MEDIANTE PAGO, COMPENSACIÓN, DÍAS ADICIONALES DE VACACIONES","f266_1","99","Sin dato"
"RECONOCIMIENTO DE HORAS EXTRAS MEDIANTE PAGO, COMPENSACIÓN, DÍAS ADICIONALES DE VACACIONES","f266_2","1","Cuenta con horario flexible"
"RECONOCIMIENTO DE HORAS EXTRAS MEDIANTE PAGO, COMPENSACIÓN, DÍAS ADICIONALES DE VACACIONES","f266_2","2","No se las reconocen"
"RECONOCIMIENTO DE HORAS EXTRAS MEDIANTE PAGO, COMPENSACIÓN, DÍAS ADICIONALES DE VACACIONES","f266_2","99","Sin dato"
"VACACIONES ANUALES PAGAS O PAGO LICENCIA NO GOZADA","f267","1 = Sí / 2 = No / 99= Sin dato",""
"LICENCIA POR ENFERMEDAD O LESIÓN PAGA","f268","1","Si"
"LICENCIA POR ENFERMEDAD O LESIÓN PAGA","f268","2","No"
"LICENCIA POR ENFERMEDAD O LESIÓN PAGA","f268","3","No sabe"
"LICENCIA POR ENFERMEDAD O LESIÓN PAGA","f268","99","Sin dato"
"HORAS TRABAJADAS POR SEMANA","f85","Nº","Cantidad horas "
"HORAS EFECTIVAS DE TRABAJO","f85_1","Nº","Cantidad horas "
"TIENE QUE LLEVAR TRABAJO PARA SU HOGAR (solo para asalariados)","f86","1 = Sí / 2 = No / 99= Sin dato",""
"CANTIDAD DE HORAS SEMANALES DEDICADAS A ESE TRABAJO EN EL HOGAR (solo para asalariados)","f87","Nº","Horas semanales que dedica al trabajo en la casa"
"TIEMPO QUE TRABAJA EN FORMA CONTINUA","f88_1","Nº","Meses que hace que trabaja"
"TIEMPO QUE TRABAJA EN FORMA CONTINUA","f88_2","Nº","Años que hace que trabaja"
"ESTUVO DESOCUPADO EN LOS ÚLTIMOS 12 MESES","f89","1 = Sí / 2 = No / 99= Sin dato",""
"F.3 CARACTERÍSTICAS DEL TRABAJO SECUNDARIO","","",""
"TAREAS QUE REALIZA EN EL OTRO TRABAJO","f90_2","Código","Clasificador Internacional Uniforme de Ocupacion año 2008 (CIUO_08)"
"TAREAS QUE REALIZA EN EL OTRO TRABAJO","f90_2","9999","Sin dato"
"A QUÉ SE DEDICA EL ESTABLECIMIENTO DONDE REALIZA LAS TAREAS","f91_2","Código","Clasificación Industrial Internacional Uniforme (CIIU) Rev. 4"
"A QUÉ SE DEDICA EL ESTABLECIMIENTO DONDE REALIZA LAS TAREAS","f91_2","9999","Sin dato"
"CATEGORÍA DE LA OCUPACIÓN","f92","1","Asalariado/a privado/a"
"CATEGORÍA DE LA OCUPACIÓN","f92","2","Asalariado/a público/a"
"CATEGORÍA DE LA OCUPACIÓN","f92","3","Miembro de cooperativa de producción o trabajo"
"CATEGORÍA DE LA OCUPACIÓN","f92","4","Patrón/a"
"CATEGORÍA DE LA OCUPACIÓN","f92","5","Cuenta propia sin local ni inversión"
"CATEGORÍA DE LA OCUPACIÓN","f92","6","Cuenta propia con local o inversión"
"CATEGORÍA DE LA OCUPACIÓN","f92","7","Miembro del hogar no remunerado"
"CATEGORÍA DE LA OCUPACIÓN","f92","8","Trabajador de un programa social de empleo"
"CATEGORÍA DE LA OCUPACIÓN","f92","99","Sin dato"
"TAMAÑO  DE LA EMPRESA ","f93","1","Una persona"
"TAMAÑO  DE LA EMPRESA ","f93","2","2 a 4 personas"
"TAMAÑO  DE LA EMPRESA ","f93","3","5 a 9 personas"
"TAMAÑO  DE LA EMPRESA ","f93","6","10 a 19 personas"
"TAMAÑO  DE LA EMPRESA ","f93","7","20 a 49 personas"
"TAMAÑO  DE LA EMPRESA ","f93","5","50 o más personas"
"TAMAÑO  DE LA EMPRESA ","f93","99","Sin dato"
"TRABAJO EN EL DEPARTAMENTO","f94","1","Sí"
"TRABAJO EN EL DEPARTAMENTO","f94","2","No"
"TRABAJO EN EL DEPARTAMENTO","f94","3","En otro país"
"TRABAJO EN EL DEPARTAMENTO","f94","3","En otro país"
"TRABAJO EN EL DEPARTAMENTO","f94","99","Sin dato"
"TRABAJO EN EL DEPARTAMENTO","f94_2","Nº","Código de departamento asociado a f94 = 2"
"COBRA AGUINALDO","f95","1 = Sí / 2 = No / 99= Sin dato",""
"APORTE A CAJA DE JUBILACIONES","f96","1 = Sí / 2 = No / 99= Sin dato",""
"CAJA A LA CUAL APORTA","f97","1","BPS"
"CAJA A LA CUAL APORTA","f97","2","BPS y AFAP"
"CAJA A LA CUAL APORTA","f97","3","Policial"
"CAJA A LA CUAL APORTA","f97","4","Militar"
"CAJA A LA CUAL APORTA","f97","5","Profesional"
"CAJA A LA CUAL APORTA","f97","6","Notarial"
"CAJA A LA CUAL APORTA","f97","7","Bancaria"
"CAJA A LA CUAL APORTA","f97","8","En el exterior"
"CAJA A LA CUAL APORTA","f97","99","Sin dato"
"CANTIDAD DE HORAS TRABAJADAS EN OTRAS OCUPACIONES","f98","Nº","Cantidad horas habituales"
"HORAS EFECTIVAS TRABAJADAS EN OTRAS OCUPACIONES","f98_1","Nº","Cantidad horas efectivas"
"TELETRABAJO HABITUAL","f98_2","1 = Sí / 2 = No / 99= Sin dato",""
"TELETRABAJO EN LA SEMANA DE REFERENCIAL","f98_3","1 = Sí / 2 = No / 99= Sin dato",""
"F.4 BÚSQUEDA DE OTRO EMPLEO DE LOS OCUPADOS","","",""
"BUSCA OTRO TRABAJO","f99","1 = Sí / 2 = No / 99= Sin dato",""
"SUSTITUIR O COMPLEMENTAR EL ACTUAL","f100","1","Sustituir"
"SUSTITUIR O COMPLEMENTAR EL ACTUAL","f100","2","Complementar"
"SUSTITUIR O COMPLEMENTAR EL ACTUAL","f100","99","Sin dato"
"RAZONES POR LAS CUALES QUIERE OTRO EMPLEO","f101","1","Trabajar más horas"
"RAZONES POR LAS CUALES QUIERE OTRO EMPLEO","f101","2","Trabajar menos horas"
"RAZONES POR LAS CUALES QUIERE OTRO EMPLEO","f101","3","Trabajar menos horas para cuidar a sus hijos/as"
"RAZONES POR LAS CUALES QUIERE OTRO EMPLEO","f101","4","Trabajar menos horas para cuidar personas dependientes del hogar"
"RAZONES POR LAS CUALES QUIERE OTRO EMPLEO","f101","5","Un empleo más adecuado a su formación"
"RAZONES POR LAS CUALES QUIERE OTRO EMPLEO","f101","6","El trabajo actual no es estable"
"RAZONES POR LAS CUALES QUIERE OTRO EMPLEO","f101","7","Para mejorar las condiciones del trabajo actual (cercanía, clima laboral, etc.)"
"RAZONES POR LAS CUALES QUIERE OTRO EMPLEO","f101","8","Mayor ingreso"
"RAZONES POR LAS CUALES QUIERE OTRO EMPLEO","f101","9","Otros"
"RAZONES POR LAS CUALES QUIERE OTRO EMPLEO","f101","99","Sin dato"
"DESEA TRABAJAR MÁS HORAS","f102","1 = Sí / 2 = No / 99= Sin dato",""
"ESTÁ DISPONIBLE PARA TRABAJAR MÁS HORAS","f103","1 = Sí / 2 = No / 99= Sin dato",""
"RAZONES POR LAS CUALES NO TRABAJA MÁS HORAS A LA SEMANA","f104","1","Por razones de estudio"
"RAZONES POR LAS CUALES NO TRABAJA MÁS HORAS A LA SEMANA","f104","2","Por razones de salud"
"RAZONES POR LAS CUALES NO TRABAJA MÁS HORAS A LA SEMANA","f104","3","Por tener que cuidar niños/as"
"RAZONES POR LAS CUALES NO TRABAJA MÁS HORAS A LA SEMANA","f104","4","Por tener que cuidar personas dependientes del hogar"
"RAZONES POR LAS CUALES NO TRABAJA MÁS HORAS A LA SEMANA","f104","5","Porque no consigue más trabajo"
"RAZONES POR LAS CUALES NO TRABAJA MÁS HORAS A LA SEMANA","f104","6","Por razones personales"
"RAZONES POR LAS CUALES NO TRABAJA MÁS HORAS A LA SEMANA","f104","99","Sin dato"
"Solo para quienes declararon estar disponibles (preg. 78)","","",""
"QUÉ HIZO PARA TRABAJAR MÁS HORAS","f105","1","Puso o contestó avisos en diarios, etc."
"QUÉ HIZO PARA TRABAJAR MÁS HORAS","f105","2","Consultó con agencias de empleo"
"QUÉ HIZO PARA TRABAJAR MÁS HORAS","f105","3","Consultó directamente con el empleador"
"QUÉ HIZO PARA TRABAJAR MÁS HORAS","f105","4","Consultó con amigos o parientes"
"QUÉ HIZO PARA TRABAJAR MÁS HORAS","f105","5","Hizo trámites, gestionó préstamos, buscó local o campo para establecerse"
"QUÉ HIZO PARA TRABAJAR MÁS HORAS","f105","6","Consultó por Internet"
"QUÉ HIZO PARA TRABAJAR MÁS HORAS","f105","7","Nada"
"QUÉ HIZO PARA TRABAJAR MÁS HORAS","f105","99","Sin dato"
"F.5 BÚSQUEDA DE TRABAJO PARA QUIENES NO TRABAJAN","","",""
"DISPONIBILIDAD PARA TRABAJAR","f106","1","Sí, ahora mismo"
"DISPONIBILIDAD PARA TRABAJAR","f106","2","Sí, en otra época del año"
"DISPONIBILIDAD PARA TRABAJAR","f106","3","No"
"DISPONIBILIDAD PARA TRABAJAR","f106","99","Sin dato"
"LA SEMANA PASADA BUSCÓ TRABAJO","f107","1 = Sí / 2 = No / 99= Sin dato",""
"RAZONES POR LAS CUALES NO BUSCÓ TRABAJO NI ESTABLECIÓ SU NEGOCIO","f108","1","Está incapacitado físicamente"
"RAZONES POR LAS CUALES NO BUSCÓ TRABAJO NI ESTABLECIÓ SU NEGOCIO","f108","2","Tiene trabajo que comenzará en los próximos 30 días"
"RAZONES POR LAS CUALES NO BUSCÓ TRABAJO NI ESTABLECIÓ SU NEGOCIO","f108","3","Está esperando el resultado de gestiones ya emprendidas"
"RAZONES POR LAS CUALES NO BUSCÓ TRABAJO NI ESTABLECIÓ SU NEGOCIO","f108","4","Buscó antes, no encontró y dejó de buscar"
"RAZONES POR LAS CUALES NO BUSCÓ TRABAJO NI ESTABLECIÓ SU NEGOCIO","f108","5","No tiene tiempo por su trabajo doméstico, el cuidado de niños/as o personas dependientes"
"RAZONES POR LAS CUALES NO BUSCÓ TRABAJO NI ESTABLECIÓ SU NEGOCIO","f108","7","Por motivos de salud temporales"
"RAZONES POR LAS CUALES NO BUSCÓ TRABAJO NI ESTABLECIÓ SU NEGOCIO","f108","8","Por motivos de estudio"
"RAZONES POR LAS CUALES NO BUSCÓ TRABAJO NI ESTABLECIÓ SU NEGOCIO","f108","9","Está a la espera de una estación de mayor actividad"
"RAZONES POR LAS CUALES NO BUSCÓ TRABAJO NI ESTABLECIÓ SU NEGOCIO","f108","10","Es jubilado, pensionista o muy mayor de edad"
"RAZONES POR LAS CUALES NO BUSCÓ TRABAJO NI ESTABLECIÓ SU NEGOCIO","f108","11","No quiere o no necesita trabajar"
"RAZONES POR LAS CUALES NO BUSCÓ TRABAJO NI ESTABLECIÓ SU NEGOCIO","f108","12","Otras causas"
"RAZONES POR LAS CUALES NO BUSCÓ TRABAJO NI ESTABLECIÓ SU NEGOCIO","f108","13","No buscó trabajo por la coyuntura de la pandemia"
"RAZONES POR LAS CUALES NO BUSCÓ TRABAJO NI ESTABLECIÓ SU NEGOCIO","f108","99","Sin dato"
"BUSCÓ TRABAJO EN LAS ÚLTIMAS CUATRO SEMANAS","f109","1 = Sí / 2 = No / 99= Sin dato",""
"QUÉ HIZO PARA BUSCAR TRABAJO O ESTABLECER SU PROPIO NEGOCIO","f110","1","Puso o contestó avisos en diarios, etc."
"QUÉ HIZO PARA BUSCAR TRABAJO O ESTABLECER SU PROPIO NEGOCIO","f110","2","Consultó con agencias de empleo"
"QUÉ HIZO PARA BUSCAR TRABAJO O ESTABLECER SU PROPIO NEGOCIO","f110","3","Consultó directamente con el empleador"
"QUÉ HIZO PARA BUSCAR TRABAJO O ESTABLECER SU PROPIO NEGOCIO","f110","4","Consultó con amigos o parientes"
"QUÉ HIZO PARA BUSCAR TRABAJO O ESTABLECER SU PROPIO NEGOCIO","f110","5","Hizo trámites, gestionó préstamos, buscó local o campo para establecerse"
"QUÉ HIZO PARA BUSCAR TRABAJO O ESTABLECER SU PROPIO NEGOCIO","f110","6","Consultó por Internet"
"QUÉ HIZO PARA BUSCAR TRABAJO O ESTABLECER SU PROPIO NEGOCIO","f110","7","Nada"
"QUÉ HIZO PARA BUSCAR TRABAJO O ESTABLECER SU PROPIO NEGOCIO","f110","99","Sin dato"
"BUSCA TRABAJO CON CONDICIONES ESPECIALES","f111","1 = Sí / 2 = No / 99= Sin dato",""
"PRINCIPAL CONDICIÓN QUE REQUIERE","f112","1","Jornada de baja carga horaria"
"PRINCIPAL CONDICIÓN QUE REQUIERE","f112","2","Horario especial"
"PRINCIPAL CONDICIÓN QUE REQUIERE","f112","3","Acorde a su conocimiento o experiencia"
"PRINCIPAL CONDICIÓN QUE REQUIERE","f112","4","Condiciones salariales"
"PRINCIPAL CONDICIÓN QUE REQUIERE","f112","5","Condición del lugar de trabajo o personales"
"PRINCIPAL CONDICIÓN QUE REQUIERE","f112","6","Horario flexible para atender las necesidades familiares"
"PRINCIPAL CONDICIÓN QUE REQUIERE","f112","99","Sin dato"
"TIEMPO DE BUSCA DE TRABAJO","f113","Nº","Número de semanas"
"REALIZÓ GESTIONES CONCRETAS","f114","1 = Sí / 2 = No / 99= Sin dato",""
"REALIZÓ ALGÚN TRABAJO OCASIONAL","f115","1 = Sí / 2 = No / 99= Sin dato",""
"F.6 TRABAJOS ANTERIORES DE NO OCUPADOS ","","",""
"HA TRABAJADO ANTES","f116","1 = Sí / 2 = No / 99= Sin dato",""
"ESTÁ EN SEGURO DE PARO","f117","1 = Sí / 2 = No / 99= Sin dato",""
"TIEMPO QUE HACE QUE DEJÓ EL ÚLTIMO EMPLEO","f118_1","Nº","Meses "
"TIEMPO QUE HACE QUE DEJÓ EL ÚLTIMO EMPLEO","f118_2","Nº","Años"
"TAREAS QUE REALIZABA EN ESA OCUPACIÓN","f119_2","Código","Clasificador Internacional Uniforme de Ocupacion año 2008 (CIUO_08)"
"TAREAS QUE REALIZABA EN ESA OCUPACIÓN","f119_2","9999","Sin dato"
"A QUÉ SE DEDICABA O QUÉ PRODUCÍA EL ESTABLECIMIENTO EN QUE REALIZABA SUS TAREAS","f120_2","Código","Clasificación Industrial Internacional Uniforme (CIIU) Rev. 4"
"A QUÉ SE DEDICABA O QUÉ PRODUCÍA EL ESTABLECIMIENTO EN QUE REALIZABA SUS TAREAS","f120_2","9999","Sin dato"
"CATEGORÍA DE LA OCUPACIÓN","f121","1","Asalariado/a privado/a"
"CATEGORÍA DE LA OCUPACIÓN","f121","2","Asalariado/a público/a"
"CATEGORÍA DE LA OCUPACIÓN","f121","3","Miembro de cooperativa de producción o trabajo"
"CATEGORÍA DE LA OCUPACIÓN","f121","4","Patrón/a"
"CATEGORÍA DE LA OCUPACIÓN","f121","5","Cuenta propia sin local ni inversión"
"CATEGORÍA DE LA OCUPACIÓN","f121","6","Cuenta propia con local o inversión"
"CATEGORÍA DE LA OCUPACIÓN","f121","7","Miembro del hogar no remunerado"
"CATEGORÍA DE LA OCUPACIÓN","f121","8","Trabajador/a de un programa social de empleo"
"CATEGORÍA DE LA OCUPACIÓN","f121","99","Sin dato"
"RAZONES POR LAS CUALES DEJÓ EL TRABAJO","f122","1","Despido"
"RAZONES POR LAS CUALES DEJÓ EL TRABAJO","f122","2","Cierre de establecimiento"
"RAZONES POR LAS CUALES DEJÓ EL TRABAJO","f122","3","Finalización del contrato"
"RAZONES POR LAS CUALES DEJÓ EL TRABAJO","f122","4","Acabó la zafra"
"RAZONES POR LAS CUALES DEJÓ EL TRABAJO","f122","5","Mal pago"
"RAZONES POR LAS CUALES DEJÓ EL TRABAJO","f122","6","Razones de estudio"
"RAZONES POR LAS CUALES DEJÓ EL TRABAJO","f122","7","Razones familiares"
"RAZONES POR LAS CUALES DEJÓ EL TRABAJO","f122","8","Se jubiló"
"RAZONES POR LAS CUALES DEJÓ EL TRABAJO","f122","9","Renuncia por otras razones "
"RAZONES POR LAS CUALES DEJÓ EL TRABAJO","f122","99","Sin dato"
"APORTABA A CAJA DE JUBILACIONES","f123","1 = Sí / 2 = No / 99= Sin dato",""
"F.7 PARA LAS PERSONAS DE 14 AÑOS O MÁS ","","",""
"CONDICIÓN DE ACTIVIDAD","f124_1","1 = Sí / 2 = No / 99= Sin dato","Jubilado/a"
"CONDICIÓN DE ACTIVIDAD","f124_2","1 = Sí / 2 = No / 99= Sin dato","Pensionista"
"CONDICIÓN DE ACTIVIDAD","f124_3","1 = Sí / 2 = No / 99= Sin dato","Rentista"
"CONDICIÓN DE ACTIVIDAD","f124_4","1 = Sí / 2 = No / 99= Sin dato","Estudiante"
"CONDICIÓN DE ACTIVIDAD","f124_5","1 = Sí / 2 = No / 99= Sin dato","Quien realiza principalmente los quehaceres del hogar"
"TIPO DE PENSIÓN QUE RECIBE","f125","1","Pensión por vejez"
"TIPO DE PENSIÓN QUE RECIBE","f125","2","Pensión por fallecimiento"
"TIPO DE PENSIÓN QUE RECIBE","f125","3","Pensión por invalidez"
"TIPO DE PENSIÓN QUE RECIBE","f125","4","Pensión por el extranjero"
"TIPO DE PENSIÓN QUE RECIBE","f125","5","Pensión a las víctimas de delitos violentos"
"TIPO DE PENSIÓN QUE RECIBE","f125","6","Pensión para hijos de fallecidos por violencia doméstica"
"TIPO DE PENSIÓN QUE RECIBE","f125","7","Pensión Especial Reparadora"
"TIPO DE PENSIÓN QUE RECIBE","f125","8","Pensión Reparatoria Ley Integral para Personas Trans"
"TIPO DE PENSIÓN QUE RECIBE","f125","99","Sin dato"
"G. INGRESOS PERSONALES","","",""
"G.1 INGRESOS DE TRABAJADORES DEPENDIENTES","","",""
"G.1.1 OCUPACIÓN PRINCIPAL (MAYORES INGRESOS)","","",""
"Para inactivos y desocupados
A pesar de que actualmente no tiene un trabajo remunerado , el mes pasado...","","",""
"SUELDOS, JORNALES, AGUINALDO O SALARIO VACACIONAL POR ALGÚN TRABAJO ANTERIOR","g_id_1","1 = Sí / 2 = No / 99= Sin dato",""
"COMISIONES, INCENTIVOS, PAGO DE HORAS EXTRAS, HABILITACIONES U OTRO INGRESO POR ALGÚN TRABAJO ANTERIOR","g_id_2","1 = Sí / 2 = No / 99= Sin dato",""
"ALIMENTOS, BEBIDAS O ALGÚN OTRO TIPO DE RETRIBUCIÓN EN ESPECIE POR ALGÚN TRABAJO ANTERIOR","g_id_3","1 = Sí / 2 = No / 99= Sin dato",""
"Para trabajadores no dependientes
A pesar de que actualmente no tiene un trabajo en relación de dependencia, el mes pasado recibió..","","",""
"SUELDOS, JORNALES, AGUINALDO O SALARIO VACACIONAL POR ALGÚN TRABAJO ANTERIOR EN RELACIÓN DE DEPENDENCIA","g_id_1a","1 = Sí / 2 = No / 99= Sin dato",""
"COMISIONES, INCENTIVOS, PAGO DE HORAS EXTRAS, HABILITACIONES U OTRO INGRESO POR ALGÚN TRABAJO ANTERIOR EN RELACIÓN DE DEPENDENCIA","g_id_2a","1 = Sí / 2 = No / 99= Sin dato",""
"ALIMENTOS, BEBIDAS O ALGÚN OTRO TIPO DE RETRIBUCIÓN EN ESPECIE POR ALGÚN TRABAJO ANTERIOR EN RELACIÓN DE DEPENDENCIA","g_id_3a","1 = Sí / 2 = No / 99= Sin dato",""
"Para todos los trabajadores","","",""
"SUELDO O JORNALES LÍQUIDOS","g126_1","$","Valor recibido el mes pasado"
"COMISIONES, INCENTIVOS, HORAS EXTRAS, HABILITACIONES","g126_2","$","Valor recibido el mes pasado"
"VIÁTICOS NO SUJETOS A RENDICIÓN","g126_3","$","Valor recibido el mes pasado"
"PROPINAS","g126_4","$","Valor recibido el mes pasado"
"AGUINALDO","g126_5","$","Valor recibido el mes pasado"
"SALARIO VACACIONAL","g126_6","$","Valor recibido el mes pasado"
"PAGOS ATRASADOS","g126_7","$","Valor recibido el mes pasado"
"BOLETOS DE TRANSPORTE","g126_8","$","Valor recibido el mes pasado"
"FORMA EN QUE PERCIBIÓ LOS INGRESOS","g250_1","1 = Sí / 2 = No / 99= Sin dato","En efectivo / cheque"
"FORMA EN QUE PERCIBIÓ LOS INGRESOS","g250_2","1 = Sí / 2 = No / 99= Sin dato","Depósito en cuenta bancaria"
"FORMA EN QUE PERCIBIÓ LOS INGRESOS","g250_3","1 = Sí / 2 = No / 99= Sin dato","Giros o transferencias bancarias"
"FORMA EN QUE PERCIBIÓ LOS INGRESOS","g250_4","1 = Sí / 2 = No / 99= Sin dato","Giros o transferencias no bancarias"
"FORMA EN QUE PERCIBIÓ LOS INGRESOS","g250_5","1 = Sí / 2 = No / 99= Sin dato","Tarjeta prepaga (DeANDA, Midinero, etc.)"
"RECIBIÓ ALIMENTOS O BEBIDAS","g127","1 = Sí / 2 = No / 99= Sin dato",""
"RECIBIÓ ALIMENTOS O BEBIDAS","g127_1","Nº","Cantidad de desayunos / meriendas"
"RECIBIÓ ALIMENTOS O BEBIDAS","g127_2","Nº","Cantidad de almuerzos / cenas"
"RECIBIÓ ALIMENTOS O BEBIDAS","g127_3","$","Otros - Monto estimado"
"RECIBIÓ TIQUES DE ALIMENTACIÓN","g128","1 = Sí / 2 = No / 99= Sin dato",""
"RECIBIÓ TIQUES DE ALIMENTACIÓN","g128_1","$","Valor recibido el mes pasado"
"RECIBIÓ VIVIENDA O ALOJAMIENTO","g129","1 = Sí / 2 = No / 99= Sin dato",""
"RECIBIÓ VIVIENDA O ALOJAMIENTO","g129_1","1 = Sí / 2 = No / 99= Sin dato","En el medio urbano"
"RECIBIÓ VIVIENDA O ALOJAMIENTO","g129_2","$","Monto que habría tenido que pagar por ese alojamiento"
"RECIBIÓ OTRO TIPO DE RETRIBUCIÓN EN ESPECIE","g130","1 = Sí / 2 = No / 99= Sin dato",""
"RECIBIÓ OTRO TIPO DE RETRIBUCIÓN EN ESPECIE","g130_1","$","Monto que habría tenido que pagar por esos bienes"
"RECIBIÓ ALGÚN OTRO TIPO DE COMPLEMENTO PAGADO POR EL EMPLEADOR","g131","1 = Sí / 2 = No / 99= Sin dato",""
"RECIBIÓ ALGÚN OTRO TIPO DE COMPLEMENTO PAGADO POR EL EMPLEADOR","g131_1","$","Monto percibido "
"Para el trabajador agropecuario","","",""
"DERECHO A PASTOREO","g132","1","Sí"
"DERECHO A PASTOREO","g132","2","No"
"DERECHO A PASTOREO","g132","3","No corresponde"
"DERECHO A PASTOREO","g132","99","Sin dato"
"DERECHO A PASTOREO","g132_1","Nº","Vacunos"
"DERECHO A PASTOREO","g132_2","Nº","Ovinos"
"DERECHO A PASTOREO","g132_3","Nº","Equinos"
"DERECHO A CULTIVO PARA CONSUMO PROPIO ","g133","1 = Sí / 2 = No / 99= Sin dato",""
"DERECHO A CULTIVO PARA CONSUMO PROPIO ","g133_1","$","Monto que habría tenido que pagar por esos productos"
"DERECHO A CULTIVO PARA CONSUMO PROPIO ","g133_2","$","Monto percibido por la venta de esos productos"
"G.1.2 OTRAS OCUPACIONES EN RELACIÓN DE DEPENDENCIA","","",""
"Para ocupados con un trabajo","","",""
"INGRESOS DEL MES ANTERIOR POR ALGÚN OTRO EMPLEO ASALARIADO","g_st_1","1 = Sí / 2 = No / 99= Sin dato",""
"SUELDO O JORNALES LÍQUIDOS","g134_1","$","Valor recibido el mes pasado"
"COMISIONES, INCENTIVOS, HORAS EXTRAS, HABILITACIONES","g134_2","$","Valor recibido el mes pasado"
"VIÁTICOS NO SUJETOS A RENDICIÓN","g134_3","$","Valor recibido el mes pasado"
"PROPINAS","g134_4","$","Valor recibido el mes pasado"
"AGUINALDO","g134_5","$","Valor recibido el mes pasado"
"SALARIO VACACIONAL","g134_6","$","Valor recibido el mes pasado"
"PAGOS ATRASADOS","g134_7","$","Valor recibido el mes pasado"
"BOLETOS DE TRANSPORTE","g134_8","$","Valor recibido el mes pasado"
"FORMA EN QUE PERCIBIÓ LOS INGRESOS","g251_1","1 = Sí / 2 = No / 99= Sin dato","En efectivo / cheque"
"FORMA EN QUE PERCIBIÓ LOS INGRESOS","g251_2","1 = Sí / 2 = No / 99= Sin dato","Depósito en cuenta bancaria"
"FORMA EN QUE PERCIBIÓ LOS INGRESOS","g251_3","1 = Sí / 2 = No / 99= Sin dato","Giros o transferencias bancarias"
"FORMA EN QUE PERCIBIÓ LOS INGRESOS","g251_4","1 = Sí / 2 = No / 99= Sin dato","Giros o transferencias no bancarias"
"FORMA EN QUE PERCIBIÓ LOS INGRESOS","g251_5","1 = Sí / 2 = No / 99= Sin dato","Tarjeta prepaga (DeANDA, Midinero, etc.)"
"RECIBIÓ ALIMENTOS O BEBIDAS","g135","1 = Sí / 2 = No / 99= Sin dato",""
"RECIBIÓ ALIMENTOS O BEBIDAS","g135_1","Nº","Cantidad de desayunos / meriendas"
"RECIBIÓ ALIMENTOS O BEBIDAS","g135_2","Nº","Cantidad de almuerzos / cenas"
"RECIBIÓ ALIMENTOS O BEBIDAS","g135_3","$","Otros - Monto estimado"
"RECIBIÓ TIQUES DE ALIMENTACIÓN","g136","1 = Sí / 2 = No / 99= Sin dato",""
"RECIBIÓ TIQUES DE ALIMENTACIÓN","g136_1","$","Valor recibido el mes pasado"
"RECIBIÓ VIVIENDA O ALOJAMIENTO","g137","1 = Sí / 2 = No / 99= Sin dato",""
"RECIBIÓ VIVIENDA O ALOJAMIENTO","g137_1","1 = Sí / 2 = No / 99= Sin dato","En el medio urbano"
"RECIBIÓ VIVIENDA O ALOJAMIENTO","g137_2","$","Monto que habría tenido que pagar por ese alojamiento"
"RECIBIÓ OTRO TIPO DE RETRIBUCIÓN EN ESPECIE","g138","1 = Sí / 2 = No / 99= Sin dato",""
"RECIBIÓ OTRO TIPO DE RETRIBUCIÓN EN ESPECIE","g138_1","$","Monto que habría tenido que pagar por esos bienes"
"RECIBIÓ ALGÚN OTRO COMPLEMENTO PAGADO POR EL EMPLEADOR","g139","1 = Sí / 2 = No / 99= Sin dato",""
"RECIBIÓ ALGÚN OTRO COMPLEMENTO PAGADO POR EL EMPLEADOR","g139_1","$","Monto percibido"
"Para el trabajador agropecuario","","",""
"DERECHO A PASTOREO","g140","1","Sí"
"DERECHO A PASTOREO","g140","2","No"
"DERECHO A PASTOREO","g140","3","No corresponde"
"DERECHO A PASTOREO","g140_1","Nº","Vacunos"
"DERECHO A PASTOREO","g140_2","Nº","Ovinos"
"DERECHO A PASTOREO","g140_3","Nº","Equinos"
"DERECHO A CULTIVO PARA CONSUMO PROPIO","g141","1 = Sí / 2 = No / 99= Sin dato",""
"DERECHO A CULTIVO PARA CONSUMO PROPIO","g141_1","$","Monto que habría tenido que pagar por esos productos"
"DERECHO A CULTIVO PARA CONSUMO PROPIO","g141_2","$","Monto percibido por la venta de esos productos"
"G.2 INGRESOS DEL TRABAJADOR NO DEPENDIENTE (NEGOCIOS PROPIOS)","","",""
"RETIRO PARA GASTOS DEL HOGAR DE NEGOCIOS QUE TIENE O TENÍA","g_itnd_1","1 = Sí / 2 = No / 99= Sin dato",""
"RETIRO PARA GASTOS DEL HOGAR DE NEGOCIOS QUE TIENE O TENÍA","g142","$",""
"DISTRIBUCIÓN DE UTILIDADES POR NEGOCIO QUE TIENE O TENÍA","g_itnd_2","1 = Sí / 2 = No / 99= Sin dato",""
"DISTRIBUCIÓN DE UTILIDADES POR NEGOCIO QUE TIENE O TENÍA","g143","",""
"RETIRO DE PRODUCTOS PARA CONSUMO PROPIO (trabajador no agropecuario)","g144","1 = Sí / 2 = No / 99= Sin dato",""
"RETIRO DE PRODUCTOS PARA CONSUMO PROPIO (trabajador no agropecuario)","g144_1","$","Monto que habría tenido que pagar por esos bienes"
"RETIRO DE PRODUCTOS PARA CONSUMO PROPIO (trabajador agropecuario)","g144_2_1","$","Valor de lo consumido en carnes o chacinados"
"RETIRO DE PRODUCTOS PARA CONSUMO PROPIO (trabajador agropecuario)","g144_2_2","$","Valor de lo consumido en lácteos"
"RETIRO DE PRODUCTOS PARA CONSUMO PROPIO (trabajador agropecuario)","g144_2_3","$","Valor de lo consumido en huevos y aves"
"RETIRO DE PRODUCTOS PARA CONSUMO PROPIO (trabajador agropecuario)","g144_2_4","$","Valor de lo consumido en productos de la huerta"
"RETIRO DE PRODUCTOS PARA CONSUMO PROPIO (trabajador agropecuario)","g144_2_5","$","Valor consumido en otros alimentos"
"Si es negocio agropecuario","","",""
"RECIBIÓ INGRESOS POR MEDIANERÍA O APARCERÍA","g_itnd_3","1","Sí"
"RECIBIÓ INGRESOS POR MEDIANERÍA O APARCERÍA","g_itnd_3","2","No"
"RECIBIÓ INGRESOS POR MEDIANERÍA O APARCERÍA","g_itnd_3","3","No corresponde"
"RECIBIÓ INGRESOS POR MEDIANERÍA O APARCERÍA","g_itnd_3","99","Sin dato"
"INGRESO POR MEDIANERÍA O APARCERÍA","g145","$",""
"INGRESO POR PASTOREO","g146","$",""
"INGRESO POR GANADO A CAPITALIZACIÓN","g147","$",""
"G.3 INGRESOS POR TRANSFERENCIAS","","",""
"JUBILACIONES","","",""
"RECIBIÓ INGRESOS POR JUBILACIONES","g_it_1","1 = Sí / 2 = No / 99= Sin dato",""
"BPS - CAJA INDUSTRIA Y COMERCIO","g148_1_1","$",""
"BPS - CAJA CIVIL Y ESCOLAR","g148_1_2","$",""
"BPS - RURAL Y SERVICIO DOMÉSTICO","g148_1_3","$",""
"UNIÓN POSTAL","g148_1_4","$",""
"POLICIAL","g148_1_5","$",""
"MILITAR","g148_1_6","$",""
"PROFESIONAL","g148_1_7","$",""
"NOTARIAL","g148_1_8","$",""
"BANCARIA","g148_1_9","$",""
"AFAP (ingresos provenientes únicamente de alguna AFAP)","g148_1_12","$",""
"OTRA ","g148_1_10","$",""
"OTRO PAÍS","g148_1_11","$",""
"PENSIONES","","",""
"RECIBIÓ INGRESOS POR PENSIONES","g_it_2","1 = Sí / 2 = No / 99= Sin dato",""
"BPS - CAJA INDUSTRIA Y COMERCIO","g148_2_1","$",""
"BPS - CAJA CIVIL Y ESCOLAR","g148_2_2","$",""
"BPS - RURAL Y SERVICIO DOMÉSTICO","g148_2_3","$",""
"UNIÓN POSTAL","g148_2_4","$",""
"POLICIAL","g148_2_5","$",""
"MILITAR","g148_2_6","$",""
"PROFESIONAL","g148_2_7","$",""
"NOTARIAL","g148_2_8","$",""
"BANCARIA","g148_2_9","$",""
"AFAP (ingresos provenientes únicamente de alguna AFAP)","g148_2_12","$",""
"OTRA ","g148_2_10","$",""
"OTRO PAÍS","g148_2_11","$",""
"SEGURO DE DESEMPLEO","g148_3","$",""
"COMPENSACIONES POR ACCIDENTE, MATERNIDAD O ENFERMEDAD","g148_4","$",""
"BECAS, SUBSIDIOS, DONACIONES","g148_5_1","$","Del país"
"BECAS, SUBSIDIOS, DONACIONES","g148_5_2","$","Del extranjero"
"COBRA HOGAR CONSTITUIDO","g149","1 = Sí / 2 = No / 99= Sin dato",""
"COBRA HOGAR CONSTITUIDO","g149_1","1 = Sí / 2 = No / 99= Sin dato","Declarado en el sueldo"
"COBRA ASIGNACIONES FAMILIARES","g150","1 = Sí / 3 = No / 99= Sin dato",""
"RECIBE LAS ASIGNACIONES POR EL PLAN DE EQUIDAD/MIDES","g255","1 = Sí / 2 = No / 99= Sin dato",""
"FORMA DE COBRO DE LAS ASIGNACIONES FAMILIARES","g256","1","Incluidas en el sueldo"
"FORMA DE COBRO DE LAS ASIGNACIONES FAMILIARES","g256","2","Por separado del sueldo en un local de cobro"
"FORMA DE COBRO DE LAS ASIGNACIONES FAMILIARES","g256","99","Sin dato"
"FRECUENCIA DE COBRO DE ASIGNACIONES FAMILIARES","g152","1","Todos los meses"
"FRECUENCIA DE COBRO DE ASIGNACIONES FAMILIARES","g152","2","Cada dos meses"
"FRECUENCIA DE COBRO DE ASIGNACIONES FAMILIARES","g152","99","Sin dato"
"CANTIDAD DE ASIGNACIONES FAMILIARES","g151_6","N°","Prenatales, menores de 6 años que no están en Primaria y/o menores que están en Primaria"
"CANTIDAD DE ASIGNACIONES FAMILIARES","g151_6","",""
"CANTIDAD DE ASIGNACIONES FAMILIARES","g151_3","N°","Menores que están en Secundaria / UTU"
"CANTIDAD DE ASIGNACIONES FAMILIARES","g151_4","N°","Personas con discapacidad"
"MONTO PERCIBIDO POR ASIGNACIONES FAMILIARES","g257","$","Monto percibido el mes pasado"
"RECIBE PENSIÓN ALIMENTICIA O ALGUNA CONTRIBUCIÓN POR DIVORCIO O SEPARACIÓN","g153","1 = Sí / 2 = No / 99= Sin dato",""
"RECIBE PENSIÓN ALIMENTICIA O ALGUNA CONTRIBUCIÓN POR DIVORCIO O SEPARACIÓN","g153_1","$","Del país"
"RECIBE PENSIÓN ALIMENTICIA O ALGUNA CONTRIBUCIÓN POR DIVORCIO O SEPARACIÓN","g153_2","$","Del extranjero"
"G.4 OTROS INGRESOS","","",""
"DEVOLUCIÓN DE FONASA","g258","1 = Sí / 2 = No / 99= Sin dato",""
"DEVOLUCIÓN DE FONASA","g258_1","$","Monto percibido en los últimos 12 meses"
"OTRO INGRESO CORRIENTE ADEMÁS DE LOS DECLARADOS","g154","1 = Sí / 2 = No / 99= Sin dato",""
"OTRO INGRESO CORRIENTE ADEMÁS DE LOS DECLARADOS","g154_1","$","Monto que cobró el mes pasado"
"VARIABLES AGREGADAS EN PERSONAS","","",""
"CONDICIÓN DE ACTIVIDAD ECONÓMICA","pobpcoac","1","Menores de 14 años"
"CONDICIÓN DE ACTIVIDAD ECONÓMICA","pobpcoac","2","Ocupados"
"CONDICIÓN DE ACTIVIDAD ECONÓMICA","pobpcoac","3","Desocupados buscan trabajo por primera vez"
"CONDICIÓN DE ACTIVIDAD ECONÓMICA","pobpcoac","4","Desocupados propiamente dichos"
"CONDICIÓN DE ACTIVIDAD ECONÓMICA","pobpcoac","5","Desocupados en seguro de paro"
"CONDICIÓN DE ACTIVIDAD ECONÓMICA","pobpcoac","6","Inactivo, realiza quehaceres del hogar"
"CONDICIÓN DE ACTIVIDAD ECONÓMICA","pobpcoac","7","Inactivo, estudiante"
"CONDICIÓN DE ACTIVIDAD ECONÓMICA","pobpcoac","8","Inactivo, rentista"
"CONDICIÓN DE ACTIVIDAD ECONÓMICA","pobpcoac","9","Inactivo, pensionista"
"CONDICIÓN DE ACTIVIDAD ECONÓMICA","pobpcoac","10","Inactivo, jubilado"
"CONDICIÓN DE ACTIVIDAD ECONÓMICA","pobpcoac","11","Inactivo, otro"
"TRABAJADOR SUBEMPLEADO ","subempleo","1","Subempleado"
"TIPO DE OCUPADO","TIPO_OCUPADO","1","Ocupado trabajando"
"TIPO DE OCUPADO","TIPO_OCUPADO","2","Ocupado ausente"
"CUOTA MUTUAL","mto_cuota","$","Valor de la cuota mutual"
"CUOTA EMERGENCIA MÓVIL","mto_emer","$","Valor emergencia móvil"
"HOGAR CONSTITUIDO","mto_hogcon","$","Valor del hogar constituido"
"MONTO DESAYUNO O MERIENDA","mto_desay","$","Valor de desayuno o merienda"
"MONTO ALMUERZO","mto_almue","$","Valor del almuerzo"
"VACA DE PASTOREO","mto_vacas","$","Valor de una vaca de pastoreo"
"OVEJA DE PASTOREO","mto_oveja","$","Valor de una oveja de pastoreo"
"CABALLO DE PASTOREO","mto_caball","$","Valor de un caballo de pastoreo"
"CELÍACOS","indaceliac","$","Valor de la canasta celíacos de INDA"
"CANASTA MIDES","indaemer","$","Valor de la canasta genérica MIDES (UCC, INDA, Emergencia, etc.)"
"MONTO LECHE EN POLVO","lecheenpol","$",""
"TOTAL DE INGRESOS PERSONALES","PT1","$",""
"INGRESOS DE LA OCUPACIÓN PRINCIPAL","PT2","$",""
"TOTAL DE INGRESOS POR TRABAJO","PT4","$",""
"POBREZA SEGÚN METODOLOGÍA 2006","pobre06","0","No pobre"
"POBREZA SEGÚN METODOLOGÍA 2006","pobre06","1","Pobre"
"INDIGENCIA SEGÚN METODOLOGÍA 2006","indigente06","0","No indigente"
"INDIGENCIA SEGÚN METODOLOGÍA 2006","indigente06","1","Indigente"